Thể thao nam,400000,800000,30,40,trắng,Da PU,Trung Quốc,Nam,Chạy bộ,Khóa dây
Thể thao nam,400000,800000,30,41,trắng,Da PU,Trung Quốc,Nam,Chạy bộ,Khóa dây
Thể thao nam,400000,800000,30,41,Xanh,Da PU,Trung Quốc,Nam,Chạy bộ,Khóa dây
Thể thao nam,400000,800000,30,41,Đen,Da PU,Trung Quốc,Nam,Chạy bộ,Khóa dây
Thể thao nữ,400000,800000,32,38,Xanh,Da PU,Trung Quốc,Nữ,Chạy bộ,Khóa dây
Thể thao nữ,400000,800000,32,38,Trắng,Da PU,Trung Quốc,Nữ,Chạy bộ,Khóa dây
Giày da nam,500000,950000,25,42,Nâu,Da bò ,Việt Nam,Nam,sự kiện,Đốc cổ thấp
Giày da nam,500000,950000,25,41,Nâu,Da bò ,Việt Nam,Nam,sự kiện,Đốc cổ thấp
Giày da nam,500000,950000,28,42,Đen,Da bò ,Việt Nam,Nam,sự kiện,Đốc cổ thấp
Giày da nam,500000,950000,27,41,Đen,Da bò ,Việt Nam,Nam,sự kiện,Đốc cổ thấp
